0,1
Datasets\CBSE_Captchas\IJHAJX.jpg,IJHAJX
Datasets\CBSE_Captchas\T8QWKK.jpg,T8QWKK
Datasets\CBSE_Captchas\ATUDSG.jpg,ATUDSG
Datasets\CBSE_Captchas\0S9EY0.jpg,0S9EY0
Datasets\CBSE_Captchas\HWRG4A.jpg,HWRG4A
Datasets\CBSE_Captchas\JXGUDW.jpg,JXGUDW
Datasets\CBSE_Captchas\OA3GM2.jpg,OA3GM2
Datasets\CBSE_Captchas\XMODS9I.jpg,XMODS9I
Datasets\CBSE_Captchas\GXXF9J.jpg,GXXF9J
Datasets\CBSE_Captchas\UIM62U.jpg,UIM62U
Datasets\CBSE_Captchas\KS5FOEL.jpg,KS5FOEL
Datasets\CBSE_Captchas\86FOUF.jpg,86FOUF
Datasets\CBSE_Captchas\93UYSN.jpg,93UYSN
Datasets\CBSE_Captchas\NC4O8P.jpg,NC4O8P
Datasets\CBSE_Captchas\5KBY8W.jpg,5KBY8W
Datasets\CBSE_Captchas\Q6UDA4.jpg,Q6UDA4
Datasets\CBSE_Captchas\SL51J4.jpg,SL51J4
Datasets\CBSE_Captchas\1RQS5U.jpg,1RQS5U
Datasets\CBSE_Captchas\HQ2L9R.jpg,HQ2L9R
Datasets\CBSE_Captchas\BBG03Y.jpg,BBG03Y
Datasets\CBSE_Captchas\1Y9J0O.jpg,1Y9J0O
Datasets\CBSE_Captchas\WOECLF.jpg,WOECLF
Datasets\CBSE_Captchas\AUO7E0O.jpg,AUO7E0O
Datasets\CBSE_Captchas\ONGNEU.jpg,ONGNEU
Datasets\CBSE_Captchas\EDIFBL.jpg,EDIFBL
Datasets\CBSE_Captchas\H6OC9J.jpg,H6OC9J
Datasets\CBSE_Captchas\EGUSY9.jpg,EGUSY9
Datasets\CBSE_Captchas\MYBILV.jpg,MYBILV
Datasets\CBSE_Captchas\7TKNYLV.jpg,7TKNYLV
Datasets\CBSE_Captchas\O3AX8X.jpg,O3AX8X
Datasets\CBSE_Captchas\MQ71FX.jpg,MQ71FX
Datasets\CBSE_Captchas\O02NWOQ.jpg,O02NWOQ
Datasets\CBSE_Captchas\M2456T.jpg,M2456T
Datasets\CBSE_Captchas\G80KNL.jpg,G80KNL
Datasets\CBSE_Captchas\DUMOHN.jpg,DUMOHN
Datasets\CBSE_Captchas\JOKYNJ.jpg,JOKYNJ
Datasets\CBSE_Captchas\NIEWLM.jpg,NIEWLM
Datasets\CBSE_Captchas\JSUIEV.jpg,JSUIEV
Datasets\CBSE_Captchas\K1RPDA.jpg,K1RPDA
Datasets\CBSE_Captchas\U7SAQH.jpg,U7SAQH
Datasets\CBSE_Captchas\D7EH5X.jpg,D7EH5X
Datasets\CBSE_Captchas\XGDMHU.jpg,XGDMHU
Datasets\CBSE_Captchas\1UETTH.jpg,1UETTH
Datasets\CBSE_Captchas\UWTS10.jpg,UWTS10
Datasets\CBSE_Captchas\YBTEKQ.jpg,YBTEKQ
Datasets\CBSE_Captchas\1HSP83.jpg,1HSP83
Datasets\CBSE_Captchas\TGCOKC.jpg,TGCOKC
Datasets\CBSE_Captchas\OPOMT1.jpg,OPOMT1
Datasets\CBSE_Captchas\J15QG5.jpg,J15QG5
Datasets\CBSE_Captchas\WAEHGI.jpg,WAEHGI
Datasets\CBSE_Captchas\23S9FV.jpg,23S9FV
Datasets\CBSE_Captchas\YG67S3.jpg,YG67S3
Datasets\CBSE_Captchas\TYA15V.jpg,TYA15V
Datasets\CBSE_Captchas\6E1I67.jpg,6E1I67
Datasets\CBSE_Captchas\KCMM52.jpg,KCMM52
Datasets\CBSE_Captchas\G04Y10.jpg,G04Y10
Datasets\CBSE_Captchas\V94PMO.jpg,V94PMO
Datasets\CBSE_Captchas\4LTL12.jpg,4LTL12
Datasets\CBSE_Captchas\6K7HC9.jpg,6K7HC9
Datasets\CBSE_Captchas\ACY3T7.jpg,ACY3T7
Datasets\CBSE_Captchas\31FC1S.jpg,31FC1S
Datasets\CBSE_Captchas\9D26YH.jpg,9D26YH
Datasets\CBSE_Captchas\X2A9AL.jpg,X2A9AL
Datasets\CBSE_Captchas\5831WR.jpg,5831WR
Datasets\CBSE_Captchas\89CF2H.jpg,89CF2H
Datasets\CBSE_Captchas\I6B38M.jpg,I6B38M
Datasets\CBSE_Captchas\MDFB2T.jpg,MDFB2T
Datasets\CBSE_Captchas\826WIC.jpg,826WIC
Datasets\CBSE_Captchas\733E84.jpg,733E84
Datasets\CBSE_Captchas\367A06.jpg,367A06
Datasets\CBSE_Captchas\SC85FV.jpg,SC85FV
Datasets\CBSE_Captchas\Y56Q4I.jpg,Y56Q4I
Datasets\CBSE_Captchas\FU0JRY.jpg,FU0JRY
Datasets\CBSE_Captchas\E1L5HK.jpg,E1L5HK
Datasets\CBSE_Captchas\14BQ0l.jpg,14BQ0l
Datasets\CBSE_Captchas\F7F35R.jpg,F7F35R
Datasets\CBSE_Captchas\Ig8YTSD.jpg,Ig8YTSD
Datasets\CBSE_Captchas\JW2QHE.jpg,JW2QHE
Datasets\CBSE_Captchas\OKOMR9.jpg,OKOMR9
Datasets\CBSE_Captchas\7T6J4U.jpg,7T6J4U
Datasets\CBSE_Captchas\C1TEH8.jpg,C1TEH8
Datasets\CBSE_Captchas\800T11.jpg,800T11
Datasets\CBSE_Captchas\1O0NN4P.jpg,1O0NN4P
Datasets\CBSE_Captchas\B56F7L.jpg,B56F7L
Datasets\CBSE_Captchas\4TSYGD.jpg,4TSYGD
Datasets\CBSE_Captchas\5OI7V2.jpg,5OI7V2
Datasets\CBSE_Captchas\PF16US.jpg,PF16US
Datasets\CBSE_Captchas\ELIRDU.jpg,ELIRDU
Datasets\CBSE_Captchas\GAWMY8.jpg,GAWMY8
Datasets\CBSE_Captchas\3XCAL5.jpg,3XCAL5
Datasets\CBSE_Captchas\3M7QV9.jpg,3M7QV9
Datasets\CBSE_Captchas\XESI4M.jpg,XESI4M
Datasets\CBSE_Captchas\S2VU18.jpg,S2VU18
Datasets\CBSE_Captchas\YGH4Y1.jpg,YGH4Y1
Datasets\CBSE_Captchas\87UK09.jpg,87UK09
Datasets\CBSE_Captchas\LQXRAR.jpg,LQXRAR
Datasets\CBSE_Captchas\FSWNBU.jpg,FSWNBU
Datasets\CBSE_Captchas\O4W2C0.jpg,O4W2C0
Datasets\CBSE_Captchas\M4ALP9.jpg,M4ALP9
Datasets\CBSE_Captchas\PSVHF4.jpg,PSVHF4
Datasets\CBSE_Captchas\TC9JX3.jpg,TC9JX3
Datasets\CBSE_Captchas\RRQE5C.jpg,RRQE5C
Datasets\CBSE_Captchas\1VX1T8.jpg,1VX1T8
Datasets\CBSE_Captchas\7HSDHU.jpg,7HSDHU
Datasets\CBSE_Captchas\C45YK5.jpg,C45YK5
Datasets\CBSE_Captchas\R8CNLC.jpg,R8CNLC
Datasets\CBSE_Captchas\CWONJA.jpg,CWONJA
Datasets\CBSE_Captchas\4MYQHT.jpg,4MYQHT
Datasets\CBSE_Captchas\IGKLT5.jpg,IGKLT5
Datasets\CBSE_Captchas\U34KL0.jpg,U34KL0
Datasets\CBSE_Captchas\O9LPS8.jpg,O9LPS8
Datasets\CBSE_Captchas\LPCN6C.jpg,LPCN6C
Datasets\CBSE_Captchas\NK0KXQ.jpg,NK0KXQ
Datasets\CBSE_Captchas\4MXI1U.jpg,4MXI1U
Datasets\CBSE_Captchas\CX81JG.jpg,CX81JG
Datasets\CBSE_Captchas\ABDXIS.jpg,ABDXIS
Datasets\CBSE_Captchas\8HWYUO.jpg,8HWYUO
Datasets\CBSE_Captchas\PQDL3D.jpg,PQDL3D
Datasets\CBSE_Captchas\AQ6OIJ.jpg,AQ6OIJ
Datasets\CBSE_Captchas\O4181K.jpg,O4181K
Datasets\CBSE_Captchas\HCA2NN.jpg,HCA2NN
Datasets\CBSE_Captchas\MS892L.jpg,MS892L
Datasets\CBSE_Captchas\2LJCVU.jpg,2LJCVU
Datasets\CBSE_Captchas\GYYU1B.jpg,GYYU1B
Datasets\CBSE_Captchas\VUTKF2.jpg,VUTKF2
Datasets\CBSE_Captchas\GBLOSS.jpg,GBLOSS
Datasets\CBSE_Captchas\ONDRI4.jpg,ONDRI4
Datasets\CBSE_Captchas\OVYPRT.jpg,OVYPRT
Datasets\CBSE_Captchas\RKMIN2.jpg,RKMIN2
Datasets\CBSE_Captchas\X6LUWM.jpg,X6LUWM
Datasets\CBSE_Captchas\OCK1HG.jpg,OCK1HG
Datasets\CBSE_Captchas\NLEOGO.jpg,NLEOGO
Datasets\CBSE_Captchas\C5J3UD.jpg,C5J3UD
Datasets\CBSE_Captchas\BO9YE7.jpg,BO9YE7
Datasets\CBSE_Captchas\DBTOGC.jpg,DBTOGC
Datasets\CBSE_Captchas\JKFFKI.jpg,JKFFKI
Datasets\CBSE_Captchas\V8VN00.jpg,V8VN00
Datasets\CBSE_Captchas\CQC61B.jpg,CQC61B
Datasets\CBSE_Captchas\FHSSH9.jpg,FHSSH9
Datasets\CBSE_Captchas\XHOQRM.jpg,XHOQRM
Datasets\CBSE_Captchas\7JOJNY.jpg,7JOJNY
Datasets\CBSE_Captchas\SXF3BC.jpg,SXF3BC
Datasets\CBSE_Captchas\IBUXCU.jpg,IBUXCU
Datasets\CBSE_Captchas\3XLA3A.jpg,3XLA3A
Datasets\CBSE_Captchas\R29EDO.jpg,R29EDO
Datasets\CBSE_Captchas\N17GG4.jpg,N17GG4
Datasets\CBSE_Captchas\TK2L1X.jpg,TK2L1X
Datasets\CBSE_Captchas\8GND85.jpg,8GND85
Datasets\CBSE_Captchas\MFFJGG.jpg,MFFJGG
Datasets\CBSE_Captchas\QAUDRU.jpg,QAUDRU
Datasets\CBSE_Captchas\36800E.jpg,36800E
Datasets\CBSE_Captchas\WGTNO4.jpg,WGTNO4
Datasets\CBSE_Captchas\8NYTU3.jpg,8NYTU3
Datasets\CBSE_Captchas\OES3XK.jpg,OES3XK
Datasets\CBSE_Captchas\APUFMT.jpg,APUFMT
Datasets\CBSE_Captchas\G8L3YW.jpg,G8L3YW
Datasets\CBSE_Captchas\I9DY4R.jpg,I9DY4R
Datasets\CBSE_Captchas\3CGKOJ.jpg,3CGKOJ
Datasets\CBSE_Captchas\HR3TNF.jpg,HR3TNF
Datasets\CBSE_Captchas\RWG9ER.jpg,RWG9ER
Datasets\CBSE_Captchas\1QOUGO.jpg,1QOUGO
Datasets\CBSE_Captchas\D9OTM11.jpg,D9OTM11
Datasets\CBSE_Captchas\64WQUR.jpg,64WQUR
Datasets\CBSE_Captchas\60IRO2.jpg,60IRO2
Datasets\CBSE_Captchas\CLAQOV.jpg,CLAQOV
Datasets\CBSE_Captchas\N9IBXF.jpg,N9IBXF
Datasets\CBSE_Captchas\OSBILE.jpg,OSBILE
Datasets\CBSE_Captchas\R9HWC8.jpg,R9HWC8
Datasets\CBSE_Captchas\OKRTOC.jpg,OKRTOC
Datasets\CBSE_Captchas\TPU7M7.jpg,TPU7M7
Datasets\CBSE_Captchas\GYO8T7.jpg,GYO8T7
Datasets\CBSE_Captchas\E14PGG.jpg,E14PGG
Datasets\CBSE_Captchas\8SNWQD.jpg,8SNWQD
Datasets\CBSE_Captchas\DYWIAS.jpg,DYWIAS
Datasets\CBSE_Captchas\LF15ID.jpg,LF15ID
Datasets\CBSE_Captchas\7LOR91.jpg,7LOR91
Datasets\CBSE_Captchas\BR8NOQ.jpg,BR8NOQ
Datasets\CBSE_Captchas\XH0QRM.jpg,XH0QRM
Datasets\CBSE_Captchas\83K1TL.jpg,83K1TL
Datasets\CBSE_Captchas\UNWXWC.jpg,UNWXWC
Datasets\CBSE_Captchas\JNXOPD.jpg,JNXOPD
Datasets\CBSE_Captchas\O4wW2C0.jpg,O4wW2C0
Datasets\CBSE_Captchas\WFWEWS.jpg,WFWEWS
Datasets\CBSE_Captchas\GIHBXN.jpg,GIHBXN
Datasets\CBSE_Captchas\9952J3.jpg,9952J3
Datasets\CBSE_Captchas\BS7DJ3.jpg,BS7DJ3
Datasets\CBSE_Captchas\CRXDQX.jpg,CRXDQX
Datasets\CBSE_Captchas\UNWXWG.jpg,UNWXWG
Datasets\CBSE_Captchas\7BDLQ9.jpg,7BDLQ9
Datasets\CBSE_Captchas\KVJ4CQ.jpg,KVJ4CQ
Datasets\CBSE_Captchas\NC408P.jpg,NC408P
Datasets\CBSE_Captchas\RDJROI.jpg,RDJROI
Datasets\CBSE_Captchas\YPD04Q.jpg,YPD04Q
Datasets\CBSE_Captchas\LJ8VF9.jpg,LJ8VF9
Datasets\CBSE_Captchas\JJ7ODC.jpg,JJ7ODC
Datasets\CBSE_Captchas\JTMPIT.jpg,JTMPIT
Datasets\CBSE_Captchas\O87LHT.jpg,O87LHT
Datasets\CBSE_Captchas\3B62OX.jpg,3B62OX
Datasets\CBSE_Captchas\WJ0Y6F.jpg,WJ0Y6F
Datasets\CBSE_Captchas\TGE9VS.jpg,TGE9VS
Datasets\CBSE_Captchas\GJ3G83.jpg,GJ3G83
Datasets\CBSE_Captchas\P2YTR2.jpg,P2YTR2
Datasets\CBSE_Captchas\GVSCJS.jpg,GVSCJS
Datasets\CBSE_Captchas\SIEOVS.jpg,SIEOVS
Datasets\CBSE_Captchas\BX5TJS.jpg,BX5TJS
Datasets\CBSE_Captchas\A4TFUO.jpg,A4TFUO
Datasets\CBSE_Captchas\Q1DSYG.jpg,Q1DSYG
Datasets\CBSE_Captchas\4PIAW9.jpg,4PIAW9
Datasets\CBSE_Captchas\MMWBAA.jpg,MMWBAA
Datasets\CBSE_Captchas\3HI2VE.jpg,3HI2VE
Datasets\CBSE_Captchas\5SU6H5.jpg,5SU6H5
Datasets\CBSE_Captchas\UDWBVA.jpg,UDWBVA
Datasets\CBSE_Captchas\CPQQPX.jpg,CPQQPX
Datasets\CBSE_Captchas\ASR40M.jpg,ASR40M
Datasets\CBSE_Captchas\EFINWB.jpg,EFINWB
Datasets\CBSE_Captchas\15CBJO.jpg,15CBJO
Datasets\CBSE_Captchas\W3TR6N.jpg,W3TR6N
Datasets\CBSE_Captchas\LF151D.jpg,LF151D
Datasets\CBSE_Captchas\QR380X.jpg,QR380X
Datasets\CBSE_Captchas\7TAQXGF.jpg,7TAQXGF
Datasets\CBSE_Captchas\LYJLI4.jpg,LYJLI4
Datasets\CBSE_Captchas\3WDJWL.jpg,3WDJWL
Datasets\CBSE_Captchas\GKHKCA.jpg,GKHKCA
Datasets\CBSE_Captchas\HIKTXO.jpg,HIKTXO
Datasets\CBSE_Captchas\DSH3L9.jpg,DSH3L9
Datasets\CBSE_Captchas\TT56GM.jpg,TT56GM
Datasets\CBSE_Captchas\W5SJLS.jpg,W5SJLS
Datasets\CBSE_Captchas\X7IRL5.jpg,X7IRL5
Datasets\CBSE_Captchas\PVCNKG.jpg,PVCNKG
Datasets\CBSE_Captchas\6EM378.jpg,6EM378
Datasets\CBSE_Captchas\TOJPKC.jpg,TOJPKC
Datasets\CBSE_Captchas\1GOY7X.jpg,1GOY7X
Datasets\CBSE_Captchas\119REB.jpg,119REB
Datasets\CBSE_Captchas\9LY18O.jpg,9LY18O
Datasets\CBSE_Captchas\V6WOHS.jpg,V6WOHS
Datasets\CBSE_Captchas\VY4LIB.jpg,VY4LIB
Datasets\CBSE_Captchas\FUOJRY.jpg,FUOJRY
Datasets\CBSE_Captchas\K5F0EL.jpg,K5F0EL
Datasets\CBSE_Captchas\YMQWO.jpg,YMQWO
Datasets\CBSE_Captchas\FQK58V.jpg,FQK58V
Datasets\CBSE_Captchas\lY2YOW.jpg,lY2YOW
Datasets\CBSE_Captchas\VP2LAB.jpg,VP2LAB
Datasets\CBSE_Captchas\NANG.jpg,NANG
Datasets\CBSE_Captchas\DOXQVR.jpg,DOXQVR
Datasets\CBSE_Captchas\A9G2DJ.jpg,A9G2DJ
Datasets\CBSE_Captchas\TMSPTF.jpg,TMSPTF
Datasets\CBSE_Captchas\H6CH7G.jpg,H6CH7G
Datasets\CBSE_Captchas\6RGIB5.jpg,6RGIB5
Datasets\CBSE_Captchas\7SKFSG.jpg,7SKFSG
Datasets\CBSE_Captchas\T4FF4B.jpg,T4FF4B
Datasets\CBSE_Captchas\G4E2HP.jpg,G4E2HP
Datasets\CBSE_Captchas\EAV5Q8.jpg,EAV5Q8
Datasets\CBSE_Captchas\41URJO.jpg,41URJO
Datasets\CBSE_Captchas\MNBFKP.jpg,MNBFKP
Datasets\CBSE_Captchas\3EWXBF.jpg,3EWXBF
Datasets\CBSE_Captchas\BX9J59.jpg,BX9J59
Datasets\CBSE_Captchas\JACJK4.jpg,JACJK4
Datasets\CBSE_Captchas\NGJ5M8.jpg,NGJ5M8
Datasets\CBSE_Captchas\6M7OFK.jpg,6M7OFK
Datasets\CBSE_Captchas\PNPHIA.jpg,PNPHIA
Datasets\CBSE_Captchas\R6C4JG.jpg,R6C4JG
Datasets\CBSE_Captchas\GFVDPK.jpg,GFVDPK
Datasets\CBSE_Captchas\1FS1BD.jpg,1FS1BD
Datasets\CBSE_Captchas\B73B3P.jpg,B73B3P
Datasets\CBSE_Captchas\0AUJEJ.jpg,0AUJEJ
Datasets\CBSE_Captchas\381KSE.jpg,381KSE
Datasets\CBSE_Captchas\LKMOPH.jpg,LKMOPH
Datasets\CBSE_Captchas\XD3BR2.jpg,XD3BR2
Datasets\CBSE_Captchas\LOTNFO.jpg,LOTNFO
Datasets\CBSE_Captchas\DQFRG5.jpg,DQFRG5
Datasets\CBSE_Captchas\NH6BPC.jpg,NH6BPC
Datasets\CBSE_Captchas\6V7RIH.jpg,6V7RIH
Datasets\CBSE_Captchas\MQP6WG.jpg,MQP6WG
Datasets\CBSE_Captchas\JUQ5AC.jpg,JUQ5AC
Datasets\CBSE_Captchas\T1OUUY.jpg,T1OUUY
Datasets\CBSE_Captchas\YAR840.jpg,YAR840
Datasets\CBSE_Captchas\TFXKA4.jpg,TFXKA4
Datasets\CBSE_Captchas\4AWHA6.jpg,4AWHA6
Datasets\CBSE_Captchas\PKUTXT.jpg,PKUTXT
Datasets\CBSE_Captchas\EE4JL1.jpg,EE4JL1
Datasets\CBSE_Captchas\6IE94D.jpg,6IE94D
Datasets\CBSE_Captchas\F97GBW.jpg,F97GBW
Datasets\CBSE_Captchas\VVB78K.jpg,VVB78K
Datasets\CBSE_Captchas\79RA4M.jpg,79RA4M
Datasets\CBSE_Captchas\2JJA8I.jpg,2JJA8I
Datasets\CBSE_Captchas\QS539Y.jpg,QS539Y
Datasets\CBSE_Captchas\10NN4P.jpg,10NN4P
Datasets\CBSE_Captchas\W8PED0.jpg,W8PED0
Datasets\CBSE_Captchas\EI8A83.jpg,EI8A83
Datasets\CBSE_Captchas\5YIMWO.jpg,5YIMWO
Datasets\CBSE_Captchas\L191X4.jpg,L191X4
Datasets\CBSE_Captchas\2GUOFY.jpg,2GUOFY
Datasets\CBSE_Captchas\SVU.jpg,SVU
Datasets\CBSE_Captchas\SC5M5L.jpg,SC5M5L
Datasets\CBSE_Captchas\KV8UJJ.jpg,KV8UJJ
Datasets\CBSE_Captchas\8EDR44.jpg,8EDR44
Datasets\CBSE_Captchas\9GOFTF.jpg,9GOFTF
Datasets\CBSE_Captchas\OF8H8Q.jpg,OF8H8Q
Datasets\CBSE_Captchas\AUO7E0.jpg,AUO7E0
Datasets\CBSE_Captchas\OCGNY8.jpg,OCGNY8
Datasets\CBSE_Captchas\Q50Q27.jpg,Q50Q27
Datasets\CBSE_Captchas\2XQX6K.jpg,2XQX6K
Datasets\CBSE_Captchas\APKKPJ.jpg,APKKPJ
Datasets\CBSE_Captchas\AISTDB.jpg,AISTDB
Datasets\CBSE_Captchas\321G8T.jpg,321G8T
Datasets\CBSE_Captchas\N4BLCT.jpg,N4BLCT
Datasets\CBSE_Captchas\FPWB3N.jpg,FPWB3N
Datasets\CBSE_Captchas\J208GR.jpg,J208GR
Datasets\CBSE_Captchas\C1CV77.jpg,C1CV77
Datasets\CBSE_Captchas\H5XTLT.jpg,H5XTLT
Datasets\CBSE_Captchas\HQHPC7.jpg,HQHPC7
Datasets\CBSE_Captchas\IGKLTS.jpg,IGKLTS
Datasets\CBSE_Captchas\D8IPLP.jpg,D8IPLP
Datasets\CBSE_Captchas\95UBEF.jpg,95UBEF
Datasets\CBSE_Captchas\SQVISD.jpg,SQVISD
Datasets\CBSE_Captchas\I5SQEG8.jpg,I5SQEG8
Datasets\CBSE_Captchas\VGLXQI.jpg,VGLXQI
Datasets\CBSE_Captchas\WUW3Ws.jpg,WUW3Ws
Datasets\CBSE_Captchas\XEIGHA.jpg,XEIGHA
Datasets\CBSE_Captchas\MXWWEBC.jpg,MXWWEBC
Datasets\CBSE_Captchas\BFNGOH.jpg,BFNGOH
Datasets\CBSE_Captchas\SNNO4V.jpg,SNNO4V
Datasets\CBSE_Captchas\70AAN5.jpg,70AAN5
Datasets\CBSE_Captchas\PVODNI.jpg,PVODNI
Datasets\CBSE_Captchas\L8T12C.jpg,L8T12C
Datasets\CBSE_Captchas\NRPG8G.jpg,NRPG8G
Datasets\CBSE_Captchas\UMBTL8.jpg,UMBTL8
Datasets\CBSE_Captchas\7KTP37.jpg,7KTP37
Datasets\CBSE_Captchas\6M7E36.jpg,6M7E36
Datasets\CBSE_Captchas\EI8V92.jpg,EI8V92
Datasets\CBSE_Captchas\JFOYO7.jpg,JFOYO7
Datasets\CBSE_Captchas\6CACA3.jpg,6CACA3
Datasets\CBSE_Captchas\QUJR8I0.jpg,QUJR8I0
Datasets\CBSE_Captchas\31566S.jpg,31566S
Datasets\CBSE_Captchas\Q49MYM.jpg,Q49MYM
Datasets\CBSE_Captchas\NANBTM.jpg,NANBTM
Datasets\CBSE_Captchas\WOOMNO.jpg,WOOMNO
Datasets\CBSE_Captchas\RTRMJ6.jpg,RTRMJ6
Datasets\CBSE_Captchas\VP7GAJ.jpg,VP7GAJ
Datasets\CBSE_Captchas\FVOSLR.jpg,FVOSLR
Datasets\CBSE_Captchas\XR3YJ0.jpg,XR3YJ0
Datasets\CBSE_Captchas\S7PLGS.jpg,S7PLGS
Datasets\CBSE_Captchas\THY5S5.jpg,THY5S5
Datasets\CBSE_Captchas\9OMUC8.jpg,9OMUC8
Datasets\CBSE_Captchas\782MB3.jpg,782MB3
Datasets\CBSE_Captchas\MPNKYO.jpg,MPNKYO
Datasets\CBSE_Captchas\RSIRF8.jpg,RSIRF8
Datasets\CBSE_Captchas\XMTPSF.jpg,XMTPSF
Datasets\CBSE_Captchas\4Q4DL7.jpg,4Q4DL7
Datasets\CBSE_Captchas\5DL3KH.jpg,5DL3KH
Datasets\CBSE_Captchas\BHSRF5.jpg,BHSRF5
Datasets\CBSE_Captchas\8AJQ9S.jpg,8AJQ9S
Datasets\CBSE_Captchas\SCA605.jpg,SCA605
Datasets\CBSE_Captchas\RRAT5K.jpg,RRAT5K
Datasets\CBSE_Captchas\SNNOV.jpg,SNNOV
Datasets\CBSE_Captchas\OEGVDV.jpg,OEGVDV
Datasets\CBSE_Captchas\DFFF50.jpg,DFFF50
Datasets\CBSE_Captchas\FL3OMP.jpg,FL3OMP
Datasets\CBSE_Captchas\HJ6XIW.jpg,HJ6XIW
Datasets\CBSE_Captchas\IMUDDE.jpg,IMUDDE
Datasets\CBSE_Captchas\E44KU4.jpg,E44KU4
Datasets\CBSE_Captchas\TCJXIH.jpg,TCJXIH
Datasets\CBSE_Captchas\OQXKJB.jpg,OQXKJB
Datasets\CBSE_Captchas\SONG6U.jpg,SONG6U
Datasets\CBSE_Captchas\IF6HIW.jpg,IF6HIW
Datasets\CBSE_Captchas\9QNOO3.jpg,9QNOO3
Datasets\CBSE_Captchas\QQH4DI.jpg,QQH4DI
Datasets\CBSE_Captchas\404Q8O.jpg,404Q8O
Datasets\CBSE_Captchas\ENQBCW.jpg,ENQBCW
Datasets\CBSE_Captchas\B7J7Q8.jpg,B7J7Q8
Datasets\CBSE_Captchas\6RV8C1.jpg,6RV8C1
Datasets\CBSE_Captchas\SQROO5S.jpg,SQROO5S
Datasets\CBSE_Captchas\DE18QQ.jpg,DE18QQ
Datasets\CBSE_Captchas\OD2R9G.jpg,OD2R9G
Datasets\CBSE_Captchas\PD7SID.jpg,PD7SID
Datasets\CBSE_Captchas\KT02DJ.jpg,KT02DJ
Datasets\CBSE_Captchas\ME1F97.jpg,ME1F97
Datasets\CBSE_Captchas\l0G3YJ.jpg,l0G3YJ
Datasets\CBSE_Captchas\OS9EYO.jpg,OS9EYO
Datasets\CBSE_Captchas\EVSXKA.jpg,EVSXKA
Datasets\CBSE_Captchas\M24556T.jpg,M24556T
Datasets\CBSE_Captchas\BPN3PF.jpg,BPN3PF
Datasets\CBSE_Captchas\VLWPBT.jpg,VLWPBT
Datasets\CBSE_Captchas\B2UH03.jpg,B2UH03
Datasets\CBSE_Captchas\KU5065.jpg,KU5065
Datasets\CBSE_Captchas\3DCPXB.jpg,3DCPXB
Datasets\CBSE_Captchas\ISQGQD.jpg,ISQGQD
Datasets\CBSE_Captchas\2ETGOH.jpg,2ETGOH
Datasets\CBSE_Captchas\GTEFGJ.jpg,GTEFGJ
Datasets\CBSE_Captchas\6M70FK.jpg,6M70FK
Datasets\CBSE_Captchas\V42S15.jpg,V42S15
Datasets\CBSE_Captchas\BILFiT.jpg,BILFiT
Datasets\CBSE_Captchas\LG1NQV.jpg,LG1NQV
Datasets\CBSE_Captchas\L8QIK9.jpg,L8QIK9
Datasets\CBSE_Captchas\K9MUHG.jpg,K9MUHG
Datasets\CBSE_Captchas\G04Y1O.jpg,G04Y1O
Datasets\CBSE_Captchas\X9X087.jpg,X9X087
Datasets\CBSE_Captchas\OJEG2J.jpg,OJEG2J
Datasets\CBSE_Captchas\1B5154.jpg,1B5154
Datasets\CBSE_Captchas\FG1TVD.jpg,FG1TVD
Datasets\CBSE_Captchas\6V38VU.jpg,6V38VU
Datasets\CBSE_Captchas\L4SQ9D.jpg,L4SQ9D
Datasets\CBSE_Captchas\0007BR.jpg,0007BR
Datasets\CBSE_Captchas\ESP975.jpg,ESP975
Datasets\CBSE_Captchas\P5KSRC.jpg,P5KSRC
Datasets\CBSE_Captchas\R8D5EH.jpg,R8D5EH
Datasets\CBSE_Captchas\0712Y.jpg,0712Y
Datasets\CBSE_Captchas\7FYVBO.jpg,7FYVBO
Datasets\CBSE_Captchas\16XFUW.jpg,16XFUW
Datasets\CBSE_Captchas\YF30N4.jpg,YF30N4
Datasets\CBSE_Captchas\507MHS.jpg,507MHS
Datasets\CBSE_Captchas\LU8BG1.jpg,LU8BG1
Datasets\CBSE_Captchas\SMJ5UC.jpg,SMJ5UC
Datasets\CBSE_Captchas\KREVYA.jpg,KREVYA
Datasets\CBSE_Captchas\ART5TK.jpg,ART5TK
Datasets\CBSE_Captchas\QR38OX.jpg,QR38OX
Datasets\CBSE_Captchas\NFWW3H.jpg,NFWW3H
Datasets\CBSE_Captchas\ACY2T7.jpg,ACY2T7
Datasets\CBSE_Captchas\SUGOOL.jpg,SUGOOL
Datasets\CBSE_Captchas\0KRN56.jpg,0KRN56
Datasets\CBSE_Captchas\C6586R.jpg,C6586R
Datasets\CBSE_Captchas\23C54B.jpg,23C54B
Datasets\CBSE_Captchas\0SBILE.jpg,0SBILE
Datasets\CBSE_Captchas\OTOXSA.jpg,OTOXSA
Datasets\CBSE_Captchas\X3UNEC.jpg,X3UNEC
Datasets\CBSE_Captchas\4U3RSC.jpg,4U3RSC
Datasets\CBSE_Captchas\A5R4OM.jpg,A5R4OM
Datasets\CBSE_Captchas\ETBCDI.jpg,ETBCDI
Datasets\CBSE_Captchas\EXBE7P.jpg,EXBE7P
Datasets\CBSE_Captchas\XDES20.jpg,XDES20
Datasets\CBSE_Captchas\MTM03U.jpg,MTM03U
Datasets\CBSE_Captchas\YOVOCI.jpg,YOVOCI
Datasets\CBSE_Captchas\AOK9SD.jpg,AOK9SD
Datasets\CBSE_Captchas\VBOLRX.jpg,VBOLRX
Datasets\CBSE_Captchas\NSB6MK.jpg,NSB6MK
Datasets\CBSE_Captchas\079NC7.jpg,079NC7
Datasets\CBSE_Captchas\PCR3HB.jpg,PCR3HB
Datasets\CBSE_Captchas\HKSIJV.jpg,HKSIJV
Datasets\CBSE_Captchas\HYTTXN.jpg,HYTTXN
Datasets\CBSE_Captchas\W0ECLF.jpg,W0ECLF
Datasets\CBSE_Captchas\I8YTSD.jpg,I8YTSD
Datasets\CBSE_Captchas\EYTSAY.jpg,EYTSAY
Datasets\CBSE_Captchas\CCMHC9.jpg,CCMHC9
Datasets\CBSE_Captchas\2FKKON.jpg,2FKKON
Datasets\CBSE_Captchas\BBGO3Y.jpg,BBGO3Y
Datasets\CBSE_Captchas\PKUTX.jpg,PKUTX
Datasets\CBSE_Captchas\YUMDM3.jpg,YUMDM3
Datasets\CBSE_Captchas\1VGFFQ.jpg,1VGFFQ
Datasets\CBSE_Captchas\VPT7ND.jpg,VPT7ND
Datasets\CBSE_Captchas\1O8QOD.jpg,1O8QOD
Datasets\CBSE_Captchas\NS629M.jpg,NS629M
Datasets\CBSE_Captchas\FWC01E.jpg,FWC01E
Datasets\CBSE_Captchas\1XDUFC.jpg,1XDUFC
Datasets\CBSE_Captchas\0IRFJC.jpg,0IRFJC
Datasets\CBSE_Captchas\WQAS1C.jpg,WQAS1C
Datasets\CBSE_Captchas\OHA4E8.jpg,OHA4E8
Datasets\CBSE_Captchas\OFQ27V.jpg,OFQ27V
Datasets\CBSE_Captchas\M7S4HC.jpg,M7S4HC
Datasets\CBSE_Captchas\QFHHCC.jpg,QFHHCC
Datasets\CBSE_Captchas\JC45HP.jpg,JC45HP
Datasets\CBSE_Captchas\DTU1NO.jpg,DTU1NO
Datasets\CBSE_Captchas\DBQI6E.jpg,DBQI6E
Datasets\CBSE_Captchas\TOIIHO.jpg,TOIIHO
Datasets\CBSE_Captchas\4CPKBW.jpg,4CPKBW
Datasets\CBSE_Captchas\L4QEV4.jpg,L4QEV4
Datasets\CBSE_Captchas\U6PO6X.jpg,U6PO6X
Datasets\CBSE_Captchas\OFRLTJ.jpg,OFRLTJ
Datasets\CBSE_Captchas\UVOQA4.jpg,UVOQA4
Datasets\CBSE_Captchas\SFLR2F.jpg,SFLR2F
Datasets\CBSE_Captchas\GA7K3T.jpg,GA7K3T
Datasets\CBSE_Captchas\OWD55G.jpg,OWD55G
Datasets\CBSE_Captchas\D47HYT.jpg,D47HYT
Datasets\CBSE_Captchas\YCRAIM.jpg,YCRAIM
Datasets\CBSE_Captchas\BQD5DU.jpg,BQD5DU
Datasets\CBSE_Captchas\382FXX.jpg,382FXX
Datasets\CBSE_Captchas\VR8G24.jpg,VR8G24
Datasets\CBSE_Captchas\6SAN02.jpg,6SAN02
Datasets\CBSE_Captchas\NOLCPN.jpg,NOLCPN
Datasets\CBSE_Captchas\M50AQ8.jpg,M50AQ8
Datasets\CBSE_Captchas\53S3W1.jpg,53S3W1
Datasets\CBSE_Captchas\YVORO2.jpg,YVORO2
Datasets\CBSE_Captchas\S99JEP.jpg,S99JEP
Datasets\CBSE_Captchas\EJS3VN.jpg,EJS3VN
Datasets\CBSE_Captchas\BQLJ7P.jpg,BQLJ7P
Datasets\CBSE_Captchas\2XKV4G.jpg,2XKV4G
Datasets\CBSE_Captchas\S3FM3V.jpg,S3FM3V
Datasets\CBSE_Captchas\IBYTJI.jpg,IBYTJI
Datasets\CBSE_Captchas\WGP8ST.jpg,WGP8ST
Datasets\CBSE_Captchas\948K20.jpg,948K20
Datasets\CBSE_Captchas\IH6P4J.jpg,IH6P4J
Datasets\CBSE_Captchas\8JXOWY.jpg,8JXOWY
Datasets\CBSE_Captchas\XMOD9I.jpg,XMOD9I
Datasets\CBSE_Captchas\S6X44Q.jpg,S6X44Q
Datasets\CBSE_Captchas\H2DT33.jpg,H2DT33
Datasets\CBSE_Captchas\UKMQOW.jpg,UKMQOW
Datasets\CBSE_Captchas\Q6H4V1.jpg,Q6H4V1
Datasets\CBSE_Captchas\LXTE1L.jpg,LXTE1L
Datasets\CBSE_Captchas\P3VYGG.jpg,P3VYGG
Datasets\CBSE_Captchas\CHFE1R.jpg,CHFE1R
Datasets\CBSE_Captchas\DFFF5O.jpg,DFFF5O
Datasets\CBSE_Captchas\OJJTQF.jpg,OJJTQF
Datasets\CBSE_Captchas\BxX9J59.jpg,BxX9J59
Datasets\CBSE_Captchas\DSELT7.jpg,DSELT7
Datasets\CBSE_Captchas\29N2PG.jpg,29N2PG
Datasets\CBSE_Captchas\KW58KR.jpg,KW58KR
Datasets\CBSE_Captchas\A26OYA.jpg,A26OYA
Datasets\CBSE_Captchas\BTLF1T.jpg,BTLF1T
Datasets\CBSE_Captchas\GWO6M7.jpg,GWO6M7
Datasets\CBSE_Captchas\404Q80.jpg,404Q80
Datasets\CBSE_Captchas\WEO7M6.jpg,WEO7M6
Datasets\CBSE_Captchas\3NTTFO.jpg,3NTTFO
Datasets\CBSE_Captchas\R7Y8TV.jpg,R7Y8TV
Datasets\CBSE_Captchas\X53M3H.jpg,X53M3H
Datasets\CBSE_Captchas\4Y66JF.jpg,4Y66JF
Datasets\CBSE_Captchas\WS56WU.jpg,WS56WU
Datasets\CBSE_Captchas\NUBKLF.jpg,NUBKLF
Datasets\CBSE_Captchas\RN2QNG.jpg,RN2QNG
Datasets\CBSE_Captchas\CV84FW.jpg,CV84FW
Datasets\CBSE_Captchas\FV0SLR.jpg,FV0SLR
Datasets\CBSE_Captchas\OBNJX6.jpg,OBNJX6
Datasets\CBSE_Captchas\CSCHKN.jpg,CSCHKN
Datasets\CBSE_Captchas\IKUYRA.jpg,IKUYRA
Datasets\CBSE_Captchas\SCJKM0.jpg,SCJKM0
Datasets\CBSE_Captchas\WKE3HO.jpg,WKE3HO
Datasets\CBSE_Captchas\9B2XOM.jpg,9B2XOM
Datasets\CBSE_Captchas\OT7TD7.jpg,OT7TD7
Datasets\CBSE_Captchas\BJCSRW.jpg,BJCSRW
Datasets\CBSE_Captchas\ROHWC8.jpg,ROHWC8
Datasets\CBSE_Captchas\BW4WGLC.jpg,BW4WGLC
Datasets\CBSE_Captchas\RKSTY6.jpg,RKSTY6
Datasets\CBSE_Captchas\L4SqQ9D.jpg,L4SqQ9D
Datasets\CBSE_Captchas\BODLPJ.jpg,BODLPJ
Datasets\CBSE_Captchas\2K5KFF.jpg,2K5KFF
Datasets\CBSE_Captchas\S1QRKV.jpg,S1QRKV
Datasets\CBSE_Captchas\WOL2LH.jpg,WOL2LH
Datasets\CBSE_Captchas\XS33KG.jpg,XS33KG
Datasets\CBSE_Captchas\LIMRTM.jpg,LIMRTM
Datasets\CBSE_Captchas\V91E51.jpg,V91E51
Datasets\CBSE_Captchas\VXA2AH.jpg,VXA2AH
Datasets\CBSE_Captchas\FQP1LB.jpg,FQP1LB
Datasets\CBSE_Captchas\FC4B7J.jpg,FC4B7J
Datasets\CBSE_Captchas\RNVRQE.jpg,RNVRQE
Datasets\CBSE_Captchas\I9SLDNF.jpg,I9SLDNF
Datasets\CBSE_Captchas\90KKT8.jpg,90KKT8
Datasets\CBSE_Captchas\UP0Y45.jpg,UP0Y45
Datasets\CBSE_Captchas\LIACFK.jpg,LIACFK
Datasets\CBSE_Captchas\BNNUR4.jpg,BNNUR4
Datasets\CBSE_Captchas\57KSES.jpg,57KSES
Datasets\CBSE_Captchas\KJCI6N.jpg,KJCI6N
Datasets\CBSE_Captchas\YWSBIO.jpg,YWSBIO
Datasets\CBSE_Captchas\25SJA6.jpg,25SJA6
Datasets\CBSE_Captchas\W6HDWN.jpg,W6HDWN
Datasets\CBSE_Captchas\X3M9QH.jpg,X3M9QH
Datasets\CBSE_Captchas\SN596Q.jpg,SN596Q
Datasets\CBSE_Captchas\XR3YJO.jpg,XR3YJO
Datasets\CBSE_Captchas\5PMSNP.jpg,5PMSNP
Datasets\CBSE_Captchas\UP740Y.jpg,UP740Y
Datasets\CBSE_Captchas\V6RGDC.jpg,V6RGDC
Datasets\CBSE_Captchas\6HVMBV.jpg,6HVMBV
Datasets\CBSE_Captchas\22X6UX.jpg,22X6UX
Datasets\CBSE_Captchas\PMD2UE.jpg,PMD2UE
Datasets\CBSE_Captchas\YHIXCK.jpg,YHIXCK
Datasets\CBSE_Captchas\E8B17V.jpg,E8B17V
Datasets\CBSE_Captchas\Y1MQW0.jpg,Y1MQW0
Datasets\CBSE_Captchas\6RGIBS.jpg,6RGIBS
Datasets\CBSE_Captchas\JMJQT1.jpg,JMJQT1
Datasets\CBSE_Captchas\Q6QIIV.jpg,Q6QIIV
Datasets\CBSE_Captchas\9R9SOB.jpg,9R9SOB
Datasets\CBSE_Captchas\D0XQVR.jpg,D0XQVR
Datasets\CBSE_Captchas\LLUIIV.jpg,LLUIIV
Datasets\CBSE_Captchas\7TOAANS.jpg,7TOAANS
Datasets\CBSE_Captchas\CM8Q0D.jpg,CM8Q0D
Datasets\CBSE_Captchas\ELJCOH.jpg,ELJCOH
Datasets\CBSE_Captchas\LTJVUP.jpg,LTJVUP
Datasets\CBSE_Captchas\TSJV8O.jpg,TSJV8O
Datasets\CBSE_Captchas\O6V558.jpg,O6V558
Datasets\CBSE_Captchas\DT8Vv19.jpg,DT8Vv19
Datasets\CBSE_Captchas\367AO6.jpg,367AO6
Datasets\CBSE_Captchas\G9OYLJ.jpg,G9OYLJ
Datasets\CBSE_Captchas\4YFF61.jpg,4YFF61
Datasets\CBSE_Captchas\9VCC5Y.jpg,9VCC5Y
Datasets\CBSE_Captchas\ICDD5X.jpg,ICDD5X
Datasets\CBSE_Captchas\3UKIOH.jpg,3UKIOH
Datasets\CBSE_Captchas\DYBMLD.jpg,DYBMLD
Datasets\CBSE_Captchas\IURIN4.jpg,IURIN4
Datasets\CBSE_Captchas\K2IP6A.jpg,K2IP6A
Datasets\CBSE_Captchas\B7GTYW.jpg,B7GTYW
Datasets\CBSE_Captchas\5P886S.jpg,5P886S
Datasets\CBSE_Captchas\VHCB8R.jpg,VHCB8R
Datasets\CBSE_Captchas\AVUCYF.jpg,AVUCYF
Datasets\CBSE_Captchas\UH821X.jpg,UH821X
Datasets\CBSE_Captchas\2KSKFF.jpg,2KSKFF
Datasets\CBSE_Captchas\9RIOAP.jpg,9RIOAP
Datasets\CBSE_Captchas\NKOKXQ.jpg,NKOKXQ
Datasets\CBSE_Captchas\SUG00L.jpg,SUG00L
Datasets\CBSE_Captchas\5X4IM1.jpg,5X4IM1
Datasets\CBSE_Captchas\OXOL9F.jpg,OXOL9F
Datasets\CBSE_Captchas\38UFW2.jpg,38UFW2
Datasets\CBSE_Captchas\82SNG2.jpg,82SNG2
Datasets\CBSE_Captchas\XAHYXS.jpg,XAHYXS
Datasets\CBSE_Captchas\DP1NV8.jpg,DP1NV8
Datasets\CBSE_Captchas\Y65J1C.jpg,Y65J1C
Datasets\CBSE_Captchas\FUEO3U.jpg,FUEO3U
Datasets\CBSE_Captchas\W8PEDO.jpg,W8PEDO
Datasets\CBSE_Captchas\W8ILBA.jpg,W8ILBA
Datasets\CBSE_Captchas\J2QDJD.jpg,J2QDJD
Datasets\CBSE_Captchas\PAB95O.jpg,PAB95O
Datasets\CBSE_Captchas\Y36IIV.jpg,Y36IIV
Datasets\CBSE_Captchas\H13P2Y.jpg,H13P2Y
Datasets\CBSE_Captchas\IL7NOW.jpg,IL7NOW
Datasets\CBSE_Captchas\Y4KMSR.jpg,Y4KMSR
Datasets\CBSE_Captchas\OIRFJC.jpg,OIRFJC
Datasets\CBSE_Captchas\S5X09L.jpg,S5X09L
Datasets\CBSE_Captchas\Y8UYQ4.jpg,Y8UYQ4
Datasets\CBSE_Captchas\RX2OMO.jpg,RX2OMO
Datasets\CBSE_Captchas\J8GE2S.jpg,J8GE2S
Datasets\CBSE_Captchas\MRVWF8.jpg,MRVWF8
Datasets\CBSE_Captchas\SXUK84.jpg,SXUK84
Datasets\CBSE_Captchas\9HRSJU.jpg,9HRSJU
Datasets\CBSE_Captchas\QUXUJU.jpg,QUXUJU
Datasets\CBSE_Captchas\HNAHOT.jpg,HNAHOT
Datasets\CBSE_Captchas\S0NG6U.jpg,S0NG6U
Datasets\CBSE_Captchas\5BDPI3.jpg,5BDPI3
Datasets\CBSE_Captchas\80D48T.jpg,80D48T
Datasets\CBSE_Captchas\J3DHLA.jpg,J3DHLA
Datasets\CBSE_Captchas\Q9VYXO.jpg,Q9VYXO
Datasets\CBSE_Captchas\YQY46Q.jpg,YQY46Q
Datasets\CBSE_Captchas\E0712Y.jpg,E0712Y
Datasets\CBSE_Captchas\60RRLY.jpg,60RRLY
Datasets\CBSE_Captchas\02NWOQ.jpg,02NWOQ
Datasets\CBSE_Captchas\ESR2PJ.jpg,ESR2PJ
Datasets\CBSE_Captchas\THJXB3.jpg,THJXB3
Datasets\CBSE_Captchas\UEBF6P.jpg,UEBF6P
Datasets\CBSE_Captchas\SV240T.jpg,SV240T
Datasets\CBSE_Captchas\600U8R.jpg,600U8R
Datasets\CBSE_Captchas\N5B6MK.jpg,N5B6MK
Datasets\CBSE_Captchas\HSHXYT.jpg,HSHXYT
Datasets\CBSE_Captchas\LLNS9F.jpg,LLNS9F
Datasets\CBSE_Captchas\J3HTRL.jpg,J3HTRL
Datasets\CBSE_Captchas\RX20MO.jpg,RX20MO
Datasets\CBSE_Captchas\CEUUGI.jpg,CEUUGI
Datasets\CBSE_Captchas\6C38S6.jpg,6C38S6
Datasets\CBSE_Captchas\1127X4.jpg,1127X4
Datasets\CBSE_Captchas\RDJR0I.jpg,RDJR0I
Datasets\CBSE_Captchas\1QOUG0.jpg,1QOUG0
Datasets\CBSE_Captchas\DIAAVW.jpg,DIAAVW
Datasets\CBSE_Captchas\A1K7AL.jpg,A1K7AL
Datasets\CBSE_Captchas\YYAU90.jpg,YYAU90
Datasets\CBSE_Captchas\V14C78.jpg,V14C78
Datasets\CBSE_Captchas\AKXJO4.jpg,AKXJO4
Datasets\CBSE_Captchas\WSHX7Y.jpg,WSHX7Y
Datasets\CBSE_Captchas\WTBYMX.jpg,WTBYMX
Datasets\CBSE_Captchas\0O07BR.jpg,0O07BR
Datasets\CBSE_Captchas\1M2500.jpg,1M2500
Datasets\CBSE_Captchas\YYYATI.jpg,YYYATI
Datasets\CBSE_Captchas\UJ8FKY.jpg,UJ8FKY
Datasets\CBSE_Captchas\M3I9A9.jpg,M3I9A9
Datasets\CBSE_Captchas\BIX7TW.jpg,BIX7TW
Datasets\CBSE_Captchas\FAW8YM.jpg,FAW8YM
Datasets\CBSE_Captchas\43PULM.jpg,43PULM
Datasets\CBSE_Captchas\IP63J2.jpg,IP63J2
Datasets\CBSE_Captchas\91604K.jpg,91604K
Datasets\CBSE_Captchas\V42SI5.jpg,V42SI5
Datasets\CBSE_Captchas\WRAP81.jpg,WRAP81
Datasets\CBSE_Captchas\ALDCJY.jpg,ALDCJY
Datasets\CBSE_Captchas\CQK493.jpg,CQK493
Datasets\CBSE_Captchas\HIKTX0.jpg,HIKTX0
Datasets\CBSE_Captchas\ROJ60Y.jpg,ROJ60Y
Datasets\CBSE_Captchas\PHHPX7.jpg,PHHPX7
Datasets\CBSE_Captchas\CWM8QI.jpg,CWM8QI
Datasets\CBSE_Captchas\WIEU32.jpg,WIEU32
Datasets\CBSE_Captchas\MIPL4B.jpg,MIPL4B
Datasets\CBSE_Captchas\PIMBHM.jpg,PIMBHM
Datasets\CBSE_Captchas\8GE8W1.jpg,8GE8W1
Datasets\CBSE_Captchas\ROGUYV.jpg,ROGUYV
Datasets\CBSE_Captchas\QO0Y3S6.jpg,QO0Y3S6
Datasets\CBSE_Captchas\3B620X.jpg,3B620X
Datasets\CBSE_Captchas\BA2PN2.jpg,BA2PN2
Datasets\CBSE_Captchas\GT3299.jpg,GT3299
Datasets\CBSE_Captchas\N0LCPN.jpg,N0LCPN
Datasets\CBSE_Captchas\S9R0CS.jpg,S9R0CS
Datasets\CBSE_Captchas\15NIKE.jpg,15NIKE
Datasets\CBSE_Captchas\2OFT5U.jpg,2OFT5U
Datasets\CBSE_Captchas\YOON2D.jpg,YOON2D
Datasets\CBSE_Captchas\2P8M5M.jpg,2P8M5M
Datasets\CBSE_Captchas\S6GF1Q.jpg,S6GF1Q
Datasets\CBSE_Captchas\El8V92.jpg,El8V92
Datasets\CBSE_Captchas\KD9QEC.jpg,KD9QEC
Datasets\CBSE_Captchas\UQI2AE.jpg,UQI2AE
Datasets\CBSE_Captchas\T9Q56I.jpg,T9Q56I
Datasets\CBSE_Captchas\FISRHQ.jpg,FISRHQ
Datasets\CBSE_Captchas\2PQKJ8.jpg,2PQKJ8
Datasets\CBSE_Captchas\XVLRSX.jpg,XVLRSX
Datasets\CBSE_Captchas\Telelex.jpg,Telelex
Datasets\CBSE_Captchas\HASMLO.jpg,HASMLO
Datasets\CBSE_Captchas\3DBT78.jpg,3DBT78
Datasets\CBSE_Captchas\PRYPNB.jpg,PRYPNB
Datasets\CBSE_Captchas\MRM5Q8.jpg,MRM5Q8
Datasets\CBSE_Captchas\GPSADB.jpg,GPSADB
Datasets\CBSE_Captchas\WSVUBI.jpg,WSVUBI
Datasets\CBSE_Captchas\KPJ73Y.jpg,KPJ73Y
Datasets\CBSE_Captchas\108QOD.jpg,108QOD
Datasets\CBSE_Captchas\BYJXUN.jpg,BYJXUN
Datasets\CBSE_Captchas\F1PFMG.jpg,F1PFMG
Datasets\CBSE_Captchas\WOOMNC.jpg,WOOMNC
Datasets\CBSE_Captchas\JJ70DC.jpg,JJ70DC
Datasets\CBSE_Captchas\SSHWTJ.jpg,SSHWTJ
Datasets\CBSE_Captchas\PWHXxXI.jpg,PWHXxXI
Datasets\CBSE_Captchas\5WHDBM.jpg,5WHDBM
Datasets\CBSE_Captchas\3HWDUS.jpg,3HWDUS
Datasets\CBSE_Captchas\XU63C4.jpg,XU63C4
Datasets\CBSE_Captchas\QKS07P.jpg,QKS07P
Datasets\CBSE_Captchas\9KCW4S.jpg,9KCW4S
Datasets\CBSE_Captchas\Y2KEGW.jpg,Y2KEGW
Datasets\CBSE_Captchas\AC2DAW.jpg,AC2DAW
Datasets\CBSE_Captchas\7PVOXC.jpg,7PVOXC
Datasets\CBSE_Captchas\KGE36C.jpg,KGE36C
Datasets\CBSE_Captchas\VKBK7E.jpg,VKBK7E
Datasets\CBSE_Captchas\CHI7G.jpg,CHI7G
Datasets\CBSE_Captchas\HSXTLT.jpg,HSXTLT
Datasets\CBSE_Captchas\J9DY1D.jpg,J9DY1D
Datasets\CBSE_Captchas\MIFWKA.jpg,MIFWKA
Datasets\CBSE_Captchas\GV1X67.jpg,GV1X67
Datasets\CBSE_Captchas\MV6D3W.jpg,MV6D3W
Datasets\CBSE_Captchas\KFEFRD.jpg,KFEFRD
Datasets\CBSE_Captchas\FDI92G.jpg,FDI92G
Datasets\CBSE_Captchas\RE6VJG.jpg,RE6VJG
Datasets\CBSE_Captchas\UP3L23.jpg,UP3L23
Datasets\CBSE_Captchas\IY373A.jpg,IY373A
Datasets\CBSE_Captchas\570DQI.jpg,570DQI
Datasets\CBSE_Captchas\ARTS5TK.jpg,ARTS5TK
Datasets\CBSE_Captchas\VEA2UF.jpg,VEA2UF
Datasets\CBSE_Captchas\QYDYIR.jpg,QYDYIR
Datasets\CBSE_Captchas\865KSE.jpg,865KSE
Datasets\CBSE_Captchas\DKOV1X.jpg,DKOV1X
Datasets\CBSE_Captchas\PJHYCT.jpg,PJHYCT
Datasets\CBSE_Captchas\6QA48M.jpg,6QA48M
Datasets\CBSE_Captchas\TYVDQX.jpg,TYVDQX
Datasets\CBSE_Captchas\UFK2GX.jpg,UFK2GX
Datasets\CBSE_Captchas\YKONVJ.jpg,YKONVJ
Datasets\CBSE_Captchas\EMEAGU.jpg,EMEAGU
Datasets\CBSE_Captchas\CTUFNH.jpg,CTUFNH
Datasets\CBSE_Captchas\VCEP2H.jpg,VCEP2H
Datasets\CBSE_Captchas\O7LHES.jpg,O7LHES
Datasets\CBSE_Captchas\RU4Y5G.jpg,RU4Y5G
Datasets\CBSE_Captchas\A260YA.jpg,A260YA
Datasets\CBSE_Captchas\NTD95H.jpg,NTD95H
Datasets\CBSE_Captchas\OHCBN6.jpg,OHCBN6
Datasets\CBSE_Captchas\AQ6OlJ.jpg,AQ6OlJ
Datasets\CBSE_Captchas\HVCT32.jpg,HVCT32
Datasets\CBSE_Captchas\MXWWBO.jpg,MXWWBO
Datasets\CBSE_Captchas\6LLARQ.jpg,6LLARQ
Datasets\CBSE_Captchas\ABOMWI.jpg,ABOMWI
Datasets\CBSE_Captchas\9CG20K.jpg,9CG20K
Datasets\CBSE_Captchas\TNTFFF.jpg,TNTFFF
Datasets\CBSE_Captchas\TA8W18.jpg,TA8W18
Datasets\CBSE_Captchas\FLBRPT.jpg,FLBRPT
Datasets\CBSE_Captchas\7319WV.jpg,7319WV
Datasets\CBSE_Captchas\OGSCHK.jpg,OGSCHK
Datasets\CBSE_Captchas\L4JAVV.jpg,L4JAVV
Datasets\CBSE_Captchas\431N9Q.jpg,431N9Q
Datasets\CBSE_Captchas\SX6WO0B.jpg,SX6WO0B
Datasets\CBSE_Captchas\3OXQ3R.jpg,3OXQ3R
Datasets\CBSE_Captchas\M6TSGP.jpg,M6TSGP
Datasets\CBSE_Captchas\T319PE.jpg,T319PE
Datasets\CBSE_Captchas\40JY4E.jpg,40JY4E
Datasets\CBSE_Captchas\V8VNOO.jpg,V8VNOO
Datasets\CBSE_Captchas\2CH6OC.jpg,2CH6OC
Datasets\CBSE_Captchas\JQOKI5.jpg,JQOKI5
Datasets\CBSE_Captchas\DUM0HN.jpg,DUM0HN
Datasets\CBSE_Captchas\UPOY45.jpg,UPOY45
Datasets\CBSE_Captchas\D7TEFR.jpg,D7TEFR
Datasets\CBSE_Captchas\PSETH2.jpg,PSETH2
Datasets\CBSE_Captchas\J72NVX.jpg,J72NVX
Datasets\CBSE_Captchas\A06353.jpg,A06353
Datasets\CBSE_Captchas\45P378.jpg,45P378
Datasets\CBSE_Captchas\KQUOH1.jpg,KQUOH1
Datasets\CBSE_Captchas\9COY1G.jpg,9COY1G
Datasets\CBSE_Captchas\UNBXH4.jpg,UNBXH4
Datasets\CBSE_Captchas\H1YOSN.jpg,H1YOSN
Datasets\CBSE_Captchas\L55E7N.jpg,L55E7N
Datasets\CBSE_Captchas\5JWUWI.jpg,5JWUWI
Datasets\CBSE_Captchas\VNWUQS.jpg,VNWUQS
Datasets\CBSE_Captchas\039106.jpg,039106
Datasets\CBSE_Captchas\S9ROCS.jpg,S9ROCS
Datasets\CBSE_Captchas\A02KNS.jpg,A02KNS
Datasets\CBSE_Captchas\DD64F7.jpg,DD64F7
Datasets\CBSE_Captchas\5A00R0.jpg,5A00R0
Datasets\CBSE_Captchas\W3VMD6.jpg,W3VMD6
Datasets\CBSE_Captchas\LOWJV5.jpg,LOWJV5
Datasets\CBSE_Captchas\HN6JF7.jpg,HN6JF7
Datasets\CBSE_Captchas\GOSHYD.jpg,GOSHYD
Datasets\CBSE_Captchas\WJOY6F.jpg,WJOY6F
Datasets\CBSE_Captchas\YVEDDY.jpg,YVEDDY
Datasets\CBSE_Captchas\PNRHIA.jpg,PNRHIA
Datasets\CBSE_Captchas\QBO682.jpg,QBO682
Datasets\CBSE_Captchas\2S1POY.jpg,2S1POY
Datasets\CBSE_Captchas\M5OAQ8.jpg,M5OAQ8
Datasets\CBSE_Captchas\PI3T9E.jpg,PI3T9E
Datasets\CBSE_Captchas\QKMYXR.jpg,QKMYXR
Datasets\CBSE_Captchas\06U5D4.jpg,06U5D4
Datasets\CBSE_Captchas\33FKFF.jpg,33FKFF
Datasets\CBSE_Captchas\5ENH1F.jpg,5ENH1F
Datasets\CBSE_Captchas\TUJBAU.jpg,TUJBAU
Datasets\CBSE_Captchas\W6HDWM.jpg,W6HDWM
